"pageId","country","date","pageUrl"
51850,"jp","2025-05-25","https://peapix.com/bing/51850"
51851,"cn","2025-05-25","https://peapix.com/bing/51851"
51852,"in","2025-05-25","https://peapix.com/bing/51852"
51853,"es","2025-05-25","https://peapix.com/bing/51853"
51854,"de","2025-05-25","https://peapix.com/bing/51854"
51855,"it","2025-05-25","https://peapix.com/bing/51855"
51856,"fr","2025-05-25","https://peapix.com/bing/51856"
51857,"gb","2025-05-25","https://peapix.com/bing/51857"
51858,"br","2025-05-25","https://peapix.com/bing/51858"
51859,"ca","2025-05-25","https://peapix.com/bing/51859"
51860,"us","2025-05-25","https://peapix.com/bing/51860"
51861,"au","2025-05-25","https://peapix.com/bing/51861"
51862,"jp","2025-05-26","https://peapix.com/bing/51862"
51863,"cn","2025-05-26","https://peapix.com/bing/51863"
51864,"in","2025-05-26","https://peapix.com/bing/51864"
51865,"es","2025-05-26","https://peapix.com/bing/51865"
51866,"de","2025-05-26","https://peapix.com/bing/51866"
51867,"it","2025-05-26","https://peapix.com/bing/51867"
51868,"fr","2025-05-26","https://peapix.com/bing/51868"
51869,"gb","2025-05-26","https://peapix.com/bing/51869"
51870,"br","2025-05-26","https://peapix.com/bing/51870"
51871,"ca","2025-05-26","https://peapix.com/bing/51871"
51872,"us","2025-05-26","https://peapix.com/bing/51872"
51873,"au","2025-05-26","https://peapix.com/bing/51873"
51874,"jp","2025-05-27","https://peapix.com/bing/51874"
51875,"cn","2025-05-27","https://peapix.com/bing/51875"
51876,"in","2025-05-27","https://peapix.com/bing/51876"
51877,"es","2025-05-27","https://peapix.com/bing/51877"
51878,"de","2025-05-27","https://peapix.com/bing/51878"
51879,"it","2025-05-27","https://peapix.com/bing/51879"
51880,"fr","2025-05-27","https://peapix.com/bing/51880"
51881,"gb","2025-05-27","https://peapix.com/bing/51881"
51882,"br","2025-05-27","https://peapix.com/bing/51882"
51883,"ca","2025-05-27","https://peapix.com/bing/51883"
51884,"us","2025-05-27","https://peapix.com/bing/51884"
51885,"au","2025-05-27","https://peapix.com/bing/51885"
51886,"jp","2025-05-28","https://peapix.com/bing/51886"
51887,"cn","2025-05-28","https://peapix.com/bing/51887"
51888,"in","2025-05-28","https://peapix.com/bing/51888"
51889,"es","2025-05-28","https://peapix.com/bing/51889"
51890,"de","2025-05-28","https://peapix.com/bing/51890"
51891,"it","2025-05-28","https://peapix.com/bing/51891"
51892,"fr","2025-05-28","https://peapix.com/bing/51892"
51893,"gb","2025-05-28","https://peapix.com/bing/51893"
51894,"br","2025-05-28","https://peapix.com/bing/51894"
51895,"ca","2025-05-28","https://peapix.com/bing/51895"
51896,"us","2025-05-28","https://peapix.com/bing/51896"
51897,"au","2025-05-28","https://peapix.com/bing/51897"
51898,"jp","2025-05-29","https://peapix.com/bing/51898"
51899,"cn","2025-05-29","https://peapix.com/bing/51899"
51900,"in","2025-05-29","https://peapix.com/bing/51900"
51901,"es","2025-05-29","https://peapix.com/bing/51901"
51902,"de","2025-05-29","https://peapix.com/bing/51902"
51903,"it","2025-05-29","https://peapix.com/bing/51903"
51904,"fr","2025-05-29","https://peapix.com/bing/51904"
51905,"gb","2025-05-29","https://peapix.com/bing/51905"
51906,"br","2025-05-29","https://peapix.com/bing/51906"
51907,"ca","2025-05-29","https://peapix.com/bing/51907"
51908,"us","2025-05-29","https://peapix.com/bing/51908"
51909,"au","2025-05-29","https://peapix.com/bing/51909"
51910,"jp","2025-05-30","https://peapix.com/bing/51910"
51911,"cn","2025-05-30","https://peapix.com/bing/51911"
51912,"in","2025-05-30","https://peapix.com/bing/51912"
51913,"es","2025-05-30","https://peapix.com/bing/51913"
51914,"de","2025-05-30","https://peapix.com/bing/51914"
51915,"it","2025-05-30","https://peapix.com/bing/51915"
51916,"fr","2025-05-30","https://peapix.com/bing/51916"
51917,"gb","2025-05-30","https://peapix.com/bing/51917"
51918,"br","2025-05-30","https://peapix.com/bing/51918"
51919,"ca","2025-05-30","https://peapix.com/bing/51919"
51920,"us","2025-05-30","https://peapix.com/bing/51920"
51921,"au","2025-05-30","https://peapix.com/bing/51921"
51922,"jp","2025-05-31","https://peapix.com/bing/51922"
51923,"cn","2025-05-31","https://peapix.com/bing/51923"
51924,"in","2025-05-31","https://peapix.com/bing/51924"
51925,"es","2025-05-31","https://peapix.com/bing/51925"
51926,"de","2025-05-31","https://peapix.com/bing/51926"
51927,"it","2025-05-31","https://peapix.com/bing/51927"
51928,"fr","2025-05-31","https://peapix.com/bing/51928"
51929,"gb","2025-05-31","https://peapix.com/bing/51929"
51930,"br","2025-05-31","https://peapix.com/bing/51930"
51931,"ca","2025-05-31","https://peapix.com/bing/51931"
51932,"us","2025-05-31","https://peapix.com/bing/51932"
51933,"au","2025-05-31","https://peapix.com/bing/51933"
